numproc,exec-time,init-time
38,6.12232e-05,1.51e-07
38,6.2934e-05,1.01e-07
38,6.81711e-05,1.22e-07
38,6.4209e-05,9.5e-08
38,6.28537e-05,1.05e-07
38,6.23187e-05,1.44e-07
38,6.5369e-05,1.03e-07
38,6.38694e-05,1.44e-07
38,6.26908e-05,1.11e-07
38,7.00718e-05,1.52e-07
