numproc,exec-time,init-time
96,0.000211901,1.04e-07
96,0.000209111,1.52e-07
96,0.000255954,1.53e-07
96,0.000220205,1.39e-07
96,0.000215595,1.25e-07
96,0.000206511,1.15e-07
96,0.000237298,1.33e-07
96,0.000220376,1.45e-07
96,0.0002609,1.48e-07
96,0.000211923,1.54e-07
