numproc,exec-time,init-time
72,0.000137192,1.21e-07
72,0.000138472,1.52e-07
72,0.000145574,1.29e-07
72,0.000143843,1.42e-07
72,0.000154445,1.55e-07
72,0.000137688,1.55e-07
72,0.000137501,3.02e-07
72,0.000137651,1.41e-07
72,0.000153108,1.48e-07
72,0.000143776,1.45e-07
