numproc,exec-time,init-time
30,5.04937e-05,1.05e-07
30,5.49942e-05,1.48e-07
30,5.02797e-05,4.33e-07
30,4.96404e-05,1.49e-07
30,4.84668e-05,1.49e-07
30,4.99178e-05,1.34e-07
30,4.89392e-05,1.07e-07
30,4.84945e-05,1.34e-07
30,5.07478e-05,1.46e-07
30,4.89941e-05,1.46e-07
