numproc,exec-time,init-time
34,5.7321e-05,1.05e-07
34,5.77003e-05,1.47e-07
34,5.54631e-05,1.54e-07
34,5.6818e-05,1.56e-07
34,5.62136e-05,1.34e-07
34,5.65523e-05,1.06e-07
34,5.48984e-05,1.48e-07
34,5.4914e-05,5e-08
34,5.66415e-05,1e-07
34,5.6002e-05,1.43e-07
