numproc,exec-time,init-time
28,4.58259e-05,1.07e-07
28,4.59713e-05,1.53e-07
28,4.6234e-05,1.02e-07
28,4.58133e-05,1.02e-07
28,4.76471e-05,1.46e-07
28,4.75019e-05,1.01e-07
28,4.68231e-05,1.24e-07
28,4.57539e-05,1.39e-07
28,4.72381e-05,1.4e-07
28,4.77114e-05,1.76e-07
