numproc,exec-time,init-time
20,3.41345e-05,1.37e-07
20,3.35237e-05,1.51e-07
20,3.37219e-05,1.29e-07
20,3.36178e-05,1.25e-07
20,3.35547e-05,1.37e-07
20,3.39277e-05,1.95e-07
20,3.37032e-05,1.05e-07
20,3.38087e-05,1.83e-07
20,3.32939e-05,2.45e-07
20,3.36947e-05,1.37e-07
