numproc,exec-time,init-time
42,7.21118e-05,1.36e-07
42,8.92226e-05,1.47e-07
42,7.13e-05,1.39e-07
42,7.03477e-05,1.21e-07
42,7.01126e-05,5e-08
42,6.92079e-05,1.43e-07
42,9.90756e-05,8.6e-08
42,6.98801e-05,1.63e-07
42,8.13302e-05,1.01e-07
42,6.92742e-05,1.52e-07
