numproc,exec-time,init-time
22,3.65245e-05,1.45e-07
22,3.83585e-05,1.51e-07
22,3.71205e-05,1.06e-07
22,3.67193e-05,1.07e-07
22,3.86179e-05,1.3e-07
22,3.62196e-05,1.49e-07
22,3.63335e-05,1.43e-07
22,3.67519e-05,1.18e-07
22,3.647e-05,1.1e-07
22,3.79108e-05,1.34e-07
