numproc,exec-time,init-time
24,3.36612e-05,1.56e-07
24,3.35068e-05,3.33e-07
24,3.35618e-05,1.4e-07
24,3.34408e-05,1.46e-07
24,3.35286e-05,2.19e-07
24,3.35255e-05,1.4e-07
24,3.35346e-05,1.48e-07
24,3.35069e-05,9.9e-08
24,3.3587e-05,1.55e-07
24,3.34957e-05,1.43e-07
