numproc,exec-time,init-time
4,1.00961e-05,1.38e-07
4,9.9713e-06,1.55e-07
4,9.9397e-06,1.4e-07
4,9.88928e-06,1.41e-07
4,9.95878e-06,1.44e-07
4,9.77865e-06,1.21e-07
4,9.92987e-06,1.3e-07
4,1.00262e-05,1.54e-07
4,9.96879e-06,1.94e-07
4,9.92948e-06,1.12e-07
