numproc,exec-time,init-time
88,0.000173554,1.11e-07
88,0.000200289,1.36e-07
88,0.00019304,1.37e-07
88,0.000189354,1.13e-07
88,0.000189606,1.44e-07
88,0.000213636,1.46e-07
88,0.000177224,1.32e-07
88,0.000191505,1.48e-07
88,0.000191991,1.4e-07
88,0.000199228,1.39e-07
