numproc,exec-time,init-time
32,5.36409e-05,1.31e-07
32,5.18854e-05,1.42e-07
32,5.6134e-05,1.46e-07
32,5.39978e-05,1.13e-07
32,5.29113e-05,1.41e-07
32,5.43896e-05,1.45e-07
32,5.21353e-05,1.75e-07
32,5.32962e-05,1.12e-07
32,5.20309e-05,1.14e-07
32,5.22781e-05,1.06e-07
