numproc,exec-time,init-time
80,0.000177465,1.68e-07
80,0.000157354,1.37e-07
80,0.000166098,1.49e-07
80,0.000164751,1.24e-07
80,0.000161387,1.36e-07
80,0.00016924,1.26e-07
80,0.00015682,1.55e-07
80,0.0001667,1.44e-07
80,0.000161359,1.38e-07
80,0.00016254,1.42e-07
