numproc,exec-time,init-time
12,2.13821e-05,1.47e-07
12,2.17967e-05,1.42e-07
12,2.17318e-05,1.41e-07
12,2.16209e-05,1.42e-07
12,2.17701e-05,1.41e-07
12,2.34594e-05,1.91e-07
12,2.18074e-05,1.5e-07
12,2.15295e-05,1.42e-07
12,2.13471e-05,1.32e-07
12,2.15164e-05,1.31e-07
