numproc,exec-time,init-time
64,0.000117223,1.5e-07
64,0.000109762,1.44e-07
64,0.000128352,1.45e-07
64,0.000117126,1.48e-07
64,0.000111827,1.23e-07
64,0.000118604,1.34e-07
64,0.000121501,1.54e-07
64,0.000120614,1.45e-07
64,0.000144837,1.32e-07
64,0.000134097,1.6e-07
