numproc,exec-time,init-time
18,3.06584e-05,1.07e-07
18,3.10015e-05,1.04e-07
18,3.03045e-05,1.03e-07
18,2.99884e-05,1.42e-07
18,3.07226e-05,1.35e-07
18,3.07346e-05,1.03e-07
18,3.22395e-05,2.1e-07
18,3.05028e-05,1.87e-07
18,3.04024e-05,1.01e-07
18,3.10598e-05,1.52e-07
