numproc,exec-time,init-time
76,0.000145772,1.53e-07
76,0.000151938,1.25e-07
76,0.000160674,2.31e-07
76,0.000147576,1.31e-07
76,0.000140425,1.57e-07
76,0.000141892,1.08e-07
76,0.000162738,1.42e-07
76,0.000168309,1.13e-07
76,0.000141815,2.11e-07
76,0.000143753,1.26e-07
