numproc,exec-time,init-time
36,6.05243e-05,1.45e-07
36,5.80588e-05,1.53e-07
36,5.95643e-05,1.05e-07
36,5.98767e-05,1.54e-07
36,6.02711e-05,1.29e-07
36,5.96719e-05,1.47e-07
36,6.71319e-05,1.38e-07
36,5.83285e-05,1.11e-07
36,6.10162e-05,1.43e-07
36,6.01947e-05,2.47e-07
