numproc,exec-time,init-time
8,1.58433e-05,2.01e-07
8,1.59862e-05,1.51e-07
8,1.57836e-05,1.49e-07
8,1.56457e-05,1.07e-07
8,1.5872e-05,1.72e-07
8,1.59015e-05,1.32e-07
8,1.57908e-05,1.72e-07
8,1.56051e-05,1.44e-07
8,1.58268e-05,1.43e-07
8,1.576e-05,1.68e-07
