numproc,exec-time,init-time
14,2.54496e-05,1.09e-07
14,2.4544e-05,1.28e-07
14,2.46711e-05,1.38e-07
14,2.51264e-05,1.39e-07
14,2.65144e-05,1.01e-07
14,2.66763e-05,1.42e-07
14,2.48006e-05,1.03e-07
14,2.45834e-05,1.52e-07
14,2.43868e-05,1.31e-07
14,2.47718e-05,1.52e-07
