numproc,exec-time,init-time
68,0.000135135,1.45e-07
68,0.000130501,1.37e-07
68,0.000146868,1.1e-07
68,0.000130948,1.65e-07
68,0.000131244,1.69e-07
68,0.000130052,1.36e-07
68,0.000133942,1.18e-07
68,0.000149991,1.02e-07
68,0.000131577,3.79e-07
68,0.000146087,1.01e-07
