pre.send,main.matrix,remain.matrix,total.comput,total
0.00784751,0.15129,0.0152219,0.166511,0.174359
0.00728038,0.151507,0.0148098,0.166317,0.173597
0.00819763,0.153423,0.0156279,0.169051,0.177249
0.00774064,0.15186,0.0153308,0.16719,0.174931
0.0077962,0.151236,0.0152651,0.166501,0.174297
0.00774976,0.150747,0.0151554,0.165902,0.173652
0.00777572,0.151254,0.0153482,0.166602,0.174378
0.00790878,0.151732,0.0155938,0.167326,0.175234
0.0079389,0.153196,0.0154448,0.168641,0.17658
0.00734981,0.152652,0.0148529,0.167505,0.174855
