numproc,exec-time,init-time
12,1.63554e-05,1.53e-07
12,1.63479e-05,1.28e-07
12,1.63321e-05,1.4e-07
12,1.63072e-05,1.49e-07
12,1.63324e-05,1.96e-07
12,1.63011e-05,2.96e-07
12,1.63274e-05,1.38e-07
12,1.63239e-05,1.49e-07
12,1.63442e-05,1.46e-07
12,1.62855e-05,1.34e-07
