pre.send,main.matrix,remain.matrix,total.comput,total
0.00815424,0.155519,0.0100065,0.165526,0.17368
0.00809676,0.156981,0.00994479,0.166925,0.175022
0.008106,0.157657,0.00997497,0.167632,0.175738
0.00760072,0.156926,0.00943708,0.166363,0.173963
0.00771336,0.155406,0.00959692,0.165002,0.172716
0.00828471,0.155868,0.0101444,0.166012,0.174297
0.00761293,0.155742,0.00945422,0.165196,0.172809
0.00810557,0.161079,0.0101012,0.17118,0.179286
0.0081078,0.155491,0.0100238,0.165514,0.173622
0.00768094,0.156069,0.00962072,0.165689,0.17337
